{
  "pools": 
  [
      {
         "rolls": 1,
         "entries": 
         [
            {
               "type": "item",
               "name": "minecraft:paper",
               "weight": 1,
               "functions": 
               [
                  {"function": "minecraft:set_name", "name": [{"text":"Melon ICカード","italic":false,"color":"#ffff00"}]},
                  {"function": "minecraft:set_nbt", "tag": "{Melon:{Charge:5L}}"},
                  {"function": "minecraft:set_lore", "lore": 
                  [
                     {"text": "チャージ：5","color": "white","italic": false},{"text":""},
                     {"text": "改札に入る際に使用するICカード。","color": "white","italic": false},
                     {"text": "巷では将来これがエメラルドの","color": "white","italic": false},
                     {"text": "代わりになるのではと噂されているが、","color": "white","italic": false},
                     {"text": "一方で全面電子決済化の","color": "white","italic": false},
                     {"text": "危険性なども議論されている。","color": "white","italic": false}
                  ]}
               ]
            }
         ]
      }
  ]
}
