[
  {
    "function": "minecraft:set_lore",
    "entity":"this",
    "lore": 
    [
      {"text": "チャージ：","color": "white","italic": false,"extra":[{"score":{"name":"ChargeTMP","objective":"va_Test"},"color": "white","italic": false}]},
      {"text":""},
      {"text": "改札に入る際に使用するICカード。","color": "white","italic": false},
      {"text": "巷では将来これがエメラルドの","color": "white","italic": false},
      {"text": "代わりになるのではと噂されているが、","color": "white","italic": false},
      {"text": "一方で全面電子決済化の","color": "white","italic": false},
      {"text": "危険性なども議論されている。","color": "white","italic": false}
    ],
    "replace": true
  },
  
  {
    "function": "minecraft:copy_nbt",
    "source": 
    {
      "type": "minecraft:storage",
      "source": "va_gate:tmp"
    },
    "ops": 
    [
      {
        "source": "count",
        "target": "Melon.Charge",
        "op": "replace"
      }
    ]
  }
]

