{
  "type": "minecraft:replace_single_block",
  "config": {
    "targets": [
      {
        "target": {"predicate_type": "minecraft:blockstate_match","block_state": {"Name": "minecraft:iron_trapdoor","Properties": {"facing": "north","half": "top","open": "false","powered": "false"}}},
        "state": {"Name": "minecraft:iron_trapdoor",                                                                "Properties": {"facing": "north","half": "top","open": "true","powered": "false"}}
      },
      {
        "target": {"predicate_type": "minecraft:blockstate_match","block_state": {"Name": "minecraft:iron_trapdoor","Properties": {"facing": "north","half": "bottom","open": "false","powered": "false"}}},
        "state": {"Name": "minecraft:iron_trapdoor",                                                                "Properties": {"facing": "north","half": "bottom","open": "true","powered": "false"}}
      },

      {
        "target": {"predicate_type": "minecraft:blockstate_match","block_state": {"Name": "minecraft:iron_trapdoor","Properties": {"facing": "east","half": "top","open": "false","powered": "false"}}},
        "state": {"Name": "minecraft:iron_trapdoor",                                                                "Properties": {"facing": "east","half": "top","open": "true","powered": "false"}}
      },
      {
        "target": {"predicate_type": "minecraft:blockstate_match","block_state": {"Name": "minecraft:iron_trapdoor","Properties": {"facing": "east","half": "bottom","open": "false","powered": "false"}}},
        "state": {"Name": "minecraft:iron_trapdoor",                                                                "Properties": {"facing": "east","half": "bottom","open": "true","powered": "false"}}
      },

      {
        "target": {"predicate_type": "minecraft:blockstate_match","block_state": {"Name": "minecraft:iron_trapdoor","Properties": {"facing": "south","half": "top","open": "false","powered": "false"}}},
        "state": {"Name": "minecraft:iron_trapdoor",                                                                "Properties": {"facing": "south","half": "top","open": "true","powered": "false"}}
      },
      {
        "target": {"predicate_type": "minecraft:blockstate_match","block_state": {"Name": "minecraft:iron_trapdoor","Properties": {"facing": "south","half": "bottom","open": "false","powered": "false"}}},
        "state": {"Name": "minecraft:iron_trapdoor",                                                                "Properties": {"facing": "south","half": "bottom","open": "true","powered": "false"}}
      },

      {
        "target": {"predicate_type": "minecraft:blockstate_match","block_state": {"Name": "minecraft:iron_trapdoor","Properties": {"facing": "west","half": "top","open": "false","powered": "false"}}},
        "state": {"Name": "minecraft:iron_trapdoor",                                                                "Properties": {"facing": "west","half": "top","open": "true","powered": "false"}}
      },
      {
        "target": {"predicate_type": "minecraft:blockstate_match","block_state": {"Name": "minecraft:iron_trapdoor","Properties": {"facing": "west","half": "bottom","open": "false","powered": "false"}}},
        "state": {"Name": "minecraft:iron_trapdoor",                                                                "Properties": {"facing": "west","half": "bottom","open": "true","powered": "false"}}
      },



      {
        "target": {"predicate_type": "minecraft:blockstate_match","block_state": {"Name": "minecraft:iron_trapdoor","Properties": {"facing": "north","half": "top","open": "true","powered": "false"}}},
        "state": {"Name": "minecraft:iron_trapdoor",                                                                "Properties": {"facing": "north","half": "top","open": "false","powered": "false"}}
      },
      {
        "target": {"predicate_type": "minecraft:blockstate_match","block_state": {"Name": "minecraft:iron_trapdoor","Properties": {"facing": "north","half": "bottom","open": "true","powered": "false"}}},
        "state": {"Name": "minecraft:iron_trapdoor",                                                                "Properties": {"facing": "north","half": "bottom","open": "false","powered": "false"}}
      },

      {
        "target": {"predicate_type": "minecraft:blockstate_match","block_state": {"Name": "minecraft:iron_trapdoor","Properties": {"facing": "east","half": "top","open": "true","powered": "false"}}},
        "state": {"Name": "minecraft:iron_trapdoor",                                                                "Properties": {"facing": "east","half": "top","open": "false","powered": "false"}}
      },
      {
        "target": {"predicate_type": "minecraft:blockstate_match","block_state": {"Name": "minecraft:iron_trapdoor","Properties": {"facing": "east","half": "bottom","open": "true","powered": "false"}}},
        "state": {"Name": "minecraft:iron_trapdoor",                                                                "Properties": {"facing": "east","half": "bottom","open": "false","powered": "false"}}
      },

      {
        "target": {"predicate_type": "minecraft:blockstate_match","block_state": {"Name": "minecraft:iron_trapdoor","Properties": {"facing": "south","half": "top","open": "true","powered": "false"}}},
        "state": {"Name": "minecraft:iron_trapdoor",                                                                "Properties": {"facing": "south","half": "top","open": "false","powered": "false"}}
      },
      {
        "target": {"predicate_type": "minecraft:blockstate_match","block_state": {"Name": "minecraft:iron_trapdoor","Properties": {"facing": "south","half": "bottom","open": "true","powered": "false"}}},
        "state": {"Name": "minecraft:iron_trapdoor",                                                                "Properties": {"facing": "south","half": "bottom","open": "false","powered": "false"}}
      },

      {
        "target": {"predicate_type": "minecraft:blockstate_match","block_state": {"Name": "minecraft:iron_trapdoor","Properties": {"facing": "west","half": "top","open": "true","powered": "false"}}},
        "state": {"Name": "minecraft:iron_trapdoor",                                                                "Properties": {"facing": "west","half": "top","open": "false","powered": "false"}}
      },
      {
        "target": {"predicate_type": "minecraft:blockstate_match","block_state": {"Name": "minecraft:iron_trapdoor","Properties": {"facing": "west","half": "bottom","open": "true","powered": "false"}}},
        "state": {"Name": "minecraft:iron_trapdoor",                                                                "Properties": {"facing": "west","half": "bottom","open": "false","powered": "false"}}
      }
    ]
  }
}
